{
    "Kalanki": {
      "cords": [27.693293056718094, 85.28173744162835]
    },
    "Khasi Bazar": {
      "cords": [27.689292074003372, 85.28420412582766]
    },
    "Advance College": {
      "cords": [27.68788529281865, 85.28978312057863]
    },
    "Balku": {
      "cords": [27.68483261888353, 85.29860794544221]
    },
    "Sanepa": {
      "cords": [27.68438019660441, 85.30169248580934]
    },
    "Star Hospital": {
      "cords": [27.681660035233683, 85.30233621597291]
    },
    "Dhobighat": {
      "cords": [27.6780823973194, 85.30212163925171]
    },
    "Baghdol": {
      "cords": [27.674769, 85.302081]
    },
    "Nakhkhu": {
      "cords": [27.668043, 85.307013]
    },
    "Ekantakuna": {
      "cords": [27.666667, 85.308367]
    },
    "Kushunti": {
      "cords": [27.665300, 85.313007]
    },
    "Thasikhel": {
      "cords": [27.662964, 85.316282]
    },
    "Mahalaxmisthan": {
      "cords": [27.661503, 85.318131]
    },
    "Talchikhela": {
      "cords": [27.659187, 85.320816]
    },
    "Chapagaun Dobato": {
      "cords": [27.658248, 85.322135]
    },
    "Satdobato": {
      "cords": [27.658739, 85.324738]
    },
    "ANFA": {
      "cords": [27.661973, 85.328342]
    },
    "B And B": {
      "cords": [27.664330, 85.330368]
    },
    "Gwarko": {
      "cords": [27.666698, 85.332170]
    },
    "Kharibot": {
      "cords": [27.670266, 85.338210]
    },
    "Balkumari": {
      "cords": [27.672977, 85.341759]
    },
    "Koteshwor": {
      "cords": [27.678673, 85.349323]
    },
    "Tinkune": {
      "cords": [27.685891, 85.346119]
    },
    "Civil Hospital": {
      "cords": [27.687462, 85.338667]
    },
    "Banseshwor": {
      "cords": [27.688129, 85.335899]
    },
    "Babar Mahal": {
      "cords": [27.692074, 85.324539]
    },
    "Maitighar": {
      "cords": [27.693735, 85.321341]
    },
    "Tripureshwor": {
      "cords": [27.693568, 85.314334]
    },
    "Teku": {
      "cords": [27.696247, 85.306967]
    },
    "Kalimati": {
      "cords": [27.698386, 85.299445]
    },
    "Soltee Mod": {
      "cords": [27.696606, 85.293601]
    },
    "Thapathali": {
        "cords": [27.693923, 85.319219]
      },
      "Kupandol": {
        "cords": [27.687748, 85.316669]
      },
      "Nabil Bank(Pulchowk)": {
        "cords": [27.683449, 85.318695]
      },
      "IOE Dean Gate": {
        "cords": [27.681275, 85.317711]
      },
      "Sajha Petrol Pump(Pulchowk)": {
        "cords": [27.679488, 85.316965]
      },
      "Pulchowk": {
        "cords": [27.677698, 85.316286]
      },
      "Jawalakhel": {
        "cords": [27.673218, 85.313999]
      },
      "Ekantakuna": {
        "cords": [27.666993, 85.308530]
      },
      "Manbhawan": {
        "cords": [27.672190, 85.315368]
      },
      "Kumaripati": {
        "cords": [27.670635, 85.320437]
      },
      "Patan Hospital": {
        "cords": [27.668426, 85.321674]
      },
      "Lagankhel": {
        "cords": [27.666831, 85.323354]
      },
      "Satdobato": {
        "cords": [27.658748, 85.324695]
      },
      "Pulchowk": {
        "cords": [27.677859, 85.316262]
      },
      "Gabahal": {
        "cords": [27.674248, 85.321018]
      },
      "Mangal Bazar": {
        "cords": [27.672623, 85.324897]
      },
      "Tyagal": {
        "cords": [27.669695, 85.328107]
      },
      "Gwarko": {
        "cords": [27.666710, 85.332028]
      }

  }
  